year,hcd,grade,jcd,start,end,title
2023,03,G3b,18,20230104,20230109,オールレディース
2023,01,G1a,11,20230112,20230115,BBCトーナメント
2023,03,G3b,07,20230114,20230119,企業杯
2023,03,G3b,14,20230116,20230121,オールレディース
2023,02,G2b,18,20230116,20230121,モーターボート大賞
2023,05,ippan,02,20230118,20230123,ルーキーシリーズ第1戦
2023,02,G1b,20,20230120,20230126,全日本覇者決定戦
2023,04,ippan,17,20230122,20230127,ヴィーナスシリーズ第19戦
2023,06,G3b,05,20230123,20230128,マスターズリーグ第10戦
2023,02,G1b,03,20230126,20230131,江戸川大賞
2023,03,G3b,24,20230126,20230131,企業杯
2023,04,ippan,11,20230203,20230208,ヴィーナスシリーズ第20戦
2023,02,G1b,14,20230204,20230209,四国地区選手権
2023,02,G1b,16,20230205,20230210,中国地区選手権
2023,02,G1b,12,20230206,20230211,近畿地区選手権
2023,03,G3b,04,20230209,20230214,オールレディース
2023,02,G1b,03,20230210,20230215,関東地区選手権
2023,02,G1b,06,20230211,20230216,東海地区選手権
2023,02,G1b,20,20230212,20230217,九州地区選手権
2023,04,ippan,23,20230215,20230220,ヴィーナスシリーズ第21戦
2023,05,ippan,05,20230218,20230223,ルーキーシリーズ第2戦
2023,03,G3b,02,20230221,20230226,企業杯
2023,02,G2b,07,20230221,20230226,レディースオールスター
2023,05,ippan,13,20230227,20230304,ルーキーシリーズ第3戦
2023,03,G3b,15,20230228,20230305,企業杯
2023,04,ippan,18,20230228,20230305,ヴィーナスシリーズ第22戦
2023,02,G1b,21,20230228,20230305,全日本王座決定戦
2023,02,G1b,05,20230306,20230311,ウェイキーカップ
2023,03,G3b,22,20230307,20230312,オールレディース
2023,05,ippan,20,20230308,20230313,ルーキーシリーズ第4戦
2023,02,G2b,11,20230310,20230315,秩父宮妃記念杯
2023,03,G3b,14,20230310,20230315,企業杯
2023,04,ippan,19,20230313,20230318,ヴィーナスシリーズ第23戦
2023,01,SGa,04,20230316,20230321,ボートレースクラシック
2023,05,ippan,22,20230317,20230322,ルーキーシリーズ第5戦
2023,03,G3b,07,20230320,20230325,オールレディース
2023,03,G3b,21,20230320,20230325,企業杯
2023,02,G1b,10,20230325,20230330,北陸艇王決戦
2023,04,ippan,16,20230326,20230331,ヴィーナスシリーズ第24戦
2023,05,ippan,17,20230326,20230331,ルーキーシリーズ第6戦
2023,02,G1b,24,20230326,20230331,海の王者決定戦
2023,03,G3b,12,20230401,20230406,オールレディース
2023,05,ippan,01,20230404,20230409,ルーキーシリーズ第7戦
2023,02,G1b,17,20230404,20230410,宮島チャンピオンカップ
2023,03,G3b,07,20230407,20230412,企業杯
2023,04,ippan,22,20230408,20230413,ヴィーナスシリーズ第1戦
2023,02,G1b,09,20230409,20230414,ツッキー王座決定戦
2023,02,G2b,24,20230412,20230417,モーターボート誕生祭
2023,05,ippan,10,20230414,20230419,ルーキーシリーズ第8戦
2023,04,ippan,04,20230415,20230420,ヴィーナスシリーズ第2戦
2023,03,G3b,05,20230415,20230420,企業杯
2023,01,G1a,20,20230418,20230423,マスターズチャンピオン
2023,03,G3b,14,20230422,20230427,オールレディース
2023,03,G3b,23,20230429,20230504,オールレディース
2023,02,G1b,16,20230509,20230514,児島キングカップ
2023,06,G3b,07,20230511,20230516,マスターズリーグ第1戦
2023,04,ippan,20,20230511,20230516,ヴィーナスシリーズ第3戦
2023,02,G1b,04,20230514,20230519,トーキョー・ベイ・カップ
2023,02,G2b,01,20230517,20230522,モーターボート大賞
2023,03,G3b,18,20230517,20230522,オールレディース
2023,04,ippan,07,20230523,20230528,ヴィーナスシリーズ第4戦
2023,01,SGa,21,20230523,20230528,ボートレースオールスター
2023,03,G3b,06,20230526,20230531,企業杯
2023,03,G3b,03,20230530,20230606,オールレディース
2023,02,G1b,07,20230601,20230606,オールジャパン竹島特別
2023,02,G1b,02,20230604,20230610,戸田プリムローズ
2023,06,G3b,05,20230605,20230610,マスターズリーグ第2戦
2023,04,ippan,21,20230605,20230610,ヴィーナスシリーズ第5戦
2023,03,G3b,14,20230610,20230615,ウエスタンヤング
2023,03,G3b,08,20230611,20230616,イースタンヤング
2023,03,G3b,19,20230611,20230616,オールレディース
2023,03,G3b,02,20230614,20230619,企業杯
2023,06,G3b,17,20230616,20230621,マスターズリーグ第3戦
2023,03,G3b,20,20230617,20230622,オールレディース
2023,05,ippan,09,20230620,20230625,ルーキーシリーズ第9戦
2023,01,SGa,18,20230620,20230625,グランドチャンピオン
2023,04,ippan,15,20230623,20230628,ヴィーナスシリーズ第6戦
2023,02,G2b,11,20230627,20230702,秩父宮妃記念杯
2023,03,G3b,06,20230629,20230704,オールレディース
2023,03,G3b,12,20230629,20230704,企業杯
2023,05,ippan,24,20230701,20230706,ルーキーシリーズ第10戦
2023,02,G2b,13,20230704,20230709,全国ボートレース甲子園
2023,04,ippan,01,20230705,20230710,ヴィーナスシリーズ第7戦
2023,03,G3b,16,20230705,20230710,企業杯
2023,02,G2b,23,20230711,20230716,モーターボート大賞
2023,03,G3b,24,20230711,20230716,オールレディース
2023,03,G3b,03,20230712,20230717,企業杯
2023,05,ippan,17,20230712,20230717,ルーキーシリーズ第11戦
2023,04,ippan,12,20230717,20230722,ヴィーナスシリーズ第8戦
2023,01,SGa,16,20230718,20230723,オーシャンカップ
2023,05,ippan,23,20230722,20230727,ルーキーシリーズ第12戦
2023,03,G3b,07,20230723,20230728,オールレディース
2023,02,G2b,06,20230725,20230730,モーターボート大賞
2023,03,G3b,04,20230726,20230731,企業杯
2023,06,G3b,01,20230729,20230803,マスターズリーグ第4戦
2023,01,G1a,09,20230801,20230806,レディースチャンピオン
2023,03,G3b,17,20230801,20230806,企業杯
2023,03,G3b,11,20230810,20230816,オールレディース
2023,04,ippan,14,20230816,20230821,ヴィーナスシリーズ第9戦
2023,03,G3b,18,20230819,20230824,企業杯
2023,05,ippan,20,20230822,20230827,ルーキーシリーズ第13戦
2023,01,SGa,22,20230822,20230827,ボートレースメモリアル
2023,03,G3b,01,20230823,20230828,オールレディース
2023,03,G3b,24,20230828,20230902,企業杯
2023,04,ippan,06,20230829,20230903,ヴィーナスシリーズ第10戦
2023,02,G1b,08,20230831,20230905,トコタンキング決定戦
2023,05,ippan,22,20230831,20230905,ルーキーシリーズ第14戦
2023,02,G1b,12,20230903,20230908,高松宮記念
2023,03,G3b,05,20230905,20230910,オールレディース
2023,05,ippan,03,20230909,20230915,ルーキーシリーズ第15戦
2023,02,G1b,10,20230909,20230914,北陸艇王決戦
2023,04,ippan,16,20230912,20230917,ヴィーナスシリーズ第11戦
2023,02,G1b,01,20230913,20230918,赤城雷神杯
2023,06,G3b,11,20230913,20230918,マスターズリーグ第5戦
2023,03,G3b,10,20230918,20230923,企業杯
2023,03,G3b,17,20230918,20230923,オールレディース
2023,01,G1a,19,20230919,20230924,ヤングダービー
2023,04,ippan,03,20230924,20230929,ヴィーナスシリーズ第12戦
2023,02,G1b,23,20230925,20230930,全日本王者決定戦
2023,06,G3b,20,20230926,20231001,マスターズリーグ第6戦
2023,05,ippan,13,20230928,20231003,ルーキーシリーズ第16戦
2023,03,G3b,22,20230930,20231005,オールレディース
2023,02,G1b,11,20231001,20231006,びわこ大賞
2023,03,G3b,19,20231004,20231009,企業杯
2023,05,ippan,18,20231009,20231014,ルーキーシリーズ第17戦
2023,02,G1b,22,20231010,20231015,福岡チャンピオンカップ
2023,04,ippan,24,20231010,20231015,ヴィーナスシリーズ第13戦
2023,06,G3b,08,20231013,20231018,マスターズリーグ第7戦
2023,02,G1b,05,20231015,20231020,ウェイキーカップ
2023,03,G3b,04,20231016,20231021,オールレディース
2023,05,ippan,15,20231018,20231023,ルーキーシリーズ第18戦
2023,04,ippan,18,20231022,20231027,ヴィーナスシリーズ第14戦
2023,01,SGa,07,20231024,20231029,ボートレースダービー
2023,03,G3b,11,20231024,20231029,企業杯
2023,03,G3b,02,20231028,20231102,オールレディース
2023,05,ippan,14,20231028,20231102,ルーキーシリーズ第19戦
2023,06,G3b,13,20231101,20231106,マスターズリーグ第8戦
2023,02,G1b,18,20231102,20231107,徳山クラウン争奪戦
2023,04,ippan,10,20231103,20231109,ヴィーナスシリーズ第15戦
2023,02,G1b,20,20231103,20231108,全日本覇者決定戦
2023,05,ippan,05,20231107,20231112,ルーキーシリーズ第20戦
2023,03,G3b,21,20231109,20231114,オールレディース
2023,02,G1b,24,20231111,20231116,海の王者決定戦
2023,02,G1b,08,20231112,20231117,ダイヤモンドカップ
2023,04,ippan,11,20231115,20231120,ヴィーナスシリーズ第16戦
2023,05,ippan,02,20231116,20231121,ルーキーシリーズ第21戦
2023,03,G3b,20,20231117,20231123,企業杯
2023,01,SGa,10,20231121,20231126,チャレンジカップ
2023,02,G2b,10,20231121,20231126,レディースチャレンジカップ
2023,03,G3b,01,20231123,20231128,企業杯
2023,05,ippan,21,20231125,20231130,ルーキーシリーズ第22戦
2023,06,G3b,24,20231129,20231204,マスターズリーグ第9戦
2023,03,G3b,08,20231130,20231205,オールレディース
2023,02,G1b,14,20231130,20231205,大渦大賞
2023,03,G3b,22,20231201,20231206,企業杯
2023,05,ippan,19,20231204,20231209,ルーキーシリーズ第23戦
2023,02,G1b,21,20231206,20231211,全日本王座決定戦
2023,03,G3b,10,20231207,20231212,オールレディース
2023,02,G1b,15,20231210,20231215,京極賞
2023,03,G3b,23,20231212,20231217,企業杯
2023,05,ippan,08,20231213,20231218,ルーキーシリーズ第24戦
2023,04,ippan,13,20231213,20231218,ヴィーナスシリーズ第17戦
2023,01,SGa,12,20231219,20231224,グランプリシリーズ
2023,01,SGa,12,20231219,20231224,グランプリ
2023,03,G3b,14,20231221,20231226,企業杯
2023,01,G1a,05,20231226,20231231,クイーンズクライマックス
2023,03,G3b,05,20231226,20231231,クイーンズクライマックスシリーズ
2024,03,G3b,13,20240104,20240109,オールレディース
2024,03,G3b,21,20240109,20240114,企業杯
2024,01,G1a,24,20240111,20240114,BBCトーナメント
2024,02,G2b,03,20240115,20240120,モーターボート大賞
2024,03,G3b,09,20240115,20240120,オールレディース
2024,05,ippan,11,20240116,20240121,ルーキーシリーズ第1戦
2024,02,G1b,19,20240119,20240124,競帝王決定戦
2024,04,ippan,05,20240121,20240126,ヴィーナスシリーズ第18戦
2024,03,G3b,13,20240121,20240126,企業杯
2024,06,G3b,18,20240123,20240128,マスターズリーグ第10戦
2024,02,G1b,06,20240125,20240130,浜名湖賞
2024,05,ippan,12,20240125,20240130,ルーキーシリーズ第2戦
2024,03,G3b,16,20240202,20240207,オールレディース
2024,02,G1b,04,20240203,20240208,関東地区選手権
2024,02,G1b,21,20240204,20240209,九州地区選手権
2024,02,G1b,07,20240205,20240210,東海地区選手権
2024,04,ippan,02,20240208,20240213,ヴィーナスシリーズ第19戦
2024,02,G1b,13,20240209,20240214,近畿地区選手権
2024,02,G1b,17,20240210,20240215,中国地区選手権
2024,02,G1b,15,20240211,20240216,四国地区選手権
2024,04,ippan,23,20240214,20240219,ヴィーナスシリーズ第20戦
2024,02,G2b,11,20240220,20240225,レディースオールスター
2024,05,ippan,16,20240220,20240225,ルーキーシリーズ第3戦
2024,03,G3b,09,20240221,20240226,企業杯
2024,02,G1b,03,20240227,20240304,江戸川大賞
2024,04,ippan,17,20240227,20240303,ヴィーナスシリーズ第21戦
2024,05,ippan,07,20240302,20240307,ルーキーシリーズ第4戦
2024,02,G1b,13,20240304,20240309,尼崎センプルカップ
2024,04,ippan,08,20240305,20240310,ヴィーナスシリーズ第22戦
2024,03,G3b,15,20240305,20240310,企業杯
2024,02,G2b,17,20240309,20240314,モーターボート大賞
2024,05,ippan,06,20240312,20240317,ルーキーシリーズ第5戦
2024,04,ippan,19,20240312,20240317,ヴィーナスシリーズ第23戦
2024,01,SGa,02,20240315,20240320,ボートレースクラシック
2024,03,G3b,08,20240316,20240322,企業杯
2024,03,G3b,15,20240318,20240324,オールレディース
2024,05,ippan,04,20240323,20240328,ルーキーシリーズ第6戦
2024,02,G1b,12,20240324,20240329,太閤賞
2024,04,ippan,09,20240325,20240330,ヴィーナスシリーズ第24戦
2024,02,G1b,23,20240326,20240331,ダイヤモンドカップ
2024,03,G3b,05,20240401,20240406,オールレディース
2024,05,ippan,09,20240403,20240408,ルーキーシリーズ第7戦
2024,02,G1b,16,20240404,20240409,児島キングカップ
2024,03,G3b,08,20240407,20240412,オールレディース
2024,02,G1b,24,20240407,20240412,海の王者決定戦
2024,05,ippan,10,20240413,20240418,ルーキーシリーズ第8戦
2024,04,ippan,22,20240413,20240418,ヴィーナスシリーズ第1戦
2024,01,G1a,14,20240416,20240421,マスターズチャンピオン
2024,03,G3b,02,20240419,20240424,企業杯
2024,04,ippan,12,20240419,20240424,ヴィーナスシリーズ第2戦
2024,03,G3b,23,20240425,20240430,オールレディース
2024,04,ippan,11,20240501,20240506,ヴィーナスシリーズ第3戦
2024,02,G2b,17,20240507,20240512,レディースオールスター
2024,03,G3b,11,20240512,20240517,企業杯
2024,04,ippan,14,20240513,20240518,ヴィーナスシリーズ第4戦
2024,02,G2b,04,20240514,20240519,モーターボート大賞
2024,06,G3b,19,20240514,20240520,マスターズリーグ第1戦
2024,03,G3b,09,20240518,20240523,企業杯
2024,03,G3b,20,20240519,20240524,オールレディース
2024,01,SGa,05,20240521,20240526,ボートレースオールスター
2024,03,G3b,10,20240524,20240529,企業杯
2024,04,ippan,24,20240525,20240530,ヴィーナスシリーズ第5戦
2024,02,G1b,02,20240530,20240604,戸田プリムローズ
2024,02,G1b,12,20240531,20240605,太閤賞
2024,03,G3b,22,20240601,20240606,オールレディース
2024,06,G3b,21,20240604,20240609,マスターズリーグ第2戦
2024,04,ippan,10,20240607,20240612,ヴィーナスシリーズ第6戦
2024,02,G1b,07,20240608,20240613,オールジャパン竹島特別
2024,02,G1b,17,20240609,20240614,宮島チャンピオンカップ
2024,03,G3b,14,20240613,20240618,オールレディース
2024,03,G3b,23,20240615,20240620,ウエスタンヤング
2024,03,G3b,11,20240616,20240621,イースタンヤング
2024,06,G3b,09,20240618,20240623,マスターズリーグ第3戦
2024,03,G3b,05,20240619,20240624,企業杯
2024,03,G3b,12,20240619,20240624,オールレディース
2024,04,ippan,01,20240625,20240630,ヴィーナスシリーズ第7戦
2024,01,SGa,13,20240625,20240630,グランドチャンピオン
2024,03,G3b,24,20240626,20240701,企業杯
2024,02,G2b,16,20240702,20240707,モーターボート大賞
2024,03,G3b,04,20240704,20240709,企業杯
2024,04,ippan,06,20240708,20240713,ヴィーナスシリーズ第8戦
2024,02,G2b,09,20240710,20240715,全国ボートレース甲子園
2024,03,G3b,12,20240710,20240715,企業杯
2024,05,ippan,20,20240711,20240716,ルーキーシリーズ第9戦
2024,03,G3b,01,20240714,20240719,オールレディース
2024,02,G2b,03,20240716,20240721,モーターボート大賞
2024,04,ippan,02,20240720,20240725,ヴィーナスシリーズ第9戦
2024,05,ippan,13,20240720,20240725,ルーキーシリーズ第10戦
2024,03,G3b,18,20240723,20240728,企業杯
2024,01,SGa,24,20240723,20240728,オーシャンカップ
2024,03,G3b,09,20240726,20240731,オールレディース
2024,03,G3b,03,20240730,20240804,企業杯
2024,05,ippan,16,20240730,20240804,ルーキーシリーズ第11戦
2024,06,G3b,06,20240801,20240806,マスターズリーグ第4戦
2024,04,ippan,15,20240801,20240806,ヴィーナスシリーズ第10戦
2024,02,G1b,21,20240801,20240806,全日本王座決定戦
2024,01,G1a,22,20240807,20240812,レディースチャンピオン
2024,04,ippan,18,20240813,20240818,ヴィーナスシリーズ第11戦
2024,03,G3b,06,20240819,20240824,オールレディース
2024,03,G3b,04,20240825,20240830,オールレディース
2024,01,SGa,15,20240827,20240901,ボートレースメモリアル
2024,03,G3b,17,20240827,20240902,企業杯
2024,05,ippan,07,20240831,20240907,ルーキーシリーズ第12戦
2024,04,ippan,08,20240831,20240905,ヴィーナスシリーズ第12戦
2024,02,G2b,10,20240902,20240907,モーターボート大賞
2024,02,G1b,09,20240906,20240911,ツッキー王座決定戦
2024,03,G3b,22,20240906,20240911,企業杯
2024,03,G3b,24,20240906,20240911,オールレディース
2024,05,ippan,19,20240909,20240914,ルーキーシリーズ第13戦
2024,06,G3b,03,20240912,20240918,マスターズリーグ第5戦
2024,02,G1b,11,20240912,20240917,びわこ大賞
2024,03,G3b,17,20240912,20240917,オールレディース
2024,01,G1a,01,20240918,20240923,ヤングダービー
2024,03,G3b,06,20240918,20240923,企業杯
2024,04,ippan,21,20240918,20240923,ヴィーナスシリーズ第13戦
2024,03,G3b,16,20240924,20240929,オールレディース
2024,02,G1b,18,20240924,20240929,徳山クラウン争奪戦
2024,02,G1b,20,20240927,20241002,全日本覇者決定戦
2024,05,ippan,03,20240928,20241003,ルーキーシリーズ第14戦
2024,04,ippan,09,20240930,20241005,ヴィーナスシリーズ第14戦
2024,06,G3b,10,20241001,20241006,マスターズリーグ第6戦
2024,02,G1b,06,20241003,20241008,浜名湖賞
2024,02,G1b,01,20241006,20241011,赤城雷神杯
2024,03,G3b,18,20241006,20241011,オールレディース
2024,05,ippan,02,20241008,20241013,ルーキーシリーズ第15戦
2024,03,G3b,15,20241012,20241017,企業杯
2024,03,G3b,03,20241014,20241019,オールレディース
2024,02,G2b,11,20241015,20241020,秩父宮妃記念杯
2024,05,ippan,14,20241017,20241022,ルーキーシリーズ第16戦
2024,04,ippan,07,20241020,20241025,ヴィーナスシリーズ第15戦
2024,01,SGa,02,20241022,20241027,ボートレースダービー
2024,03,G3b,01,20241024,20241029,企業杯
2024,04,ippan,13,20241026,20241031,ヴィーナスシリーズ第16戦
2024,06,G3b,22,20241026,20241031,マスターズリーグ第7戦
2024,05,ippan,24,20241026,20241031,ルーキーシリーズ第17戦
2024,02,G1b,05,20241031,20241105,ウェイキーカップ
2024,03,G3b,10,20241101,20241106,オールレディース
2024,02,G1b,12,20241101,20241106,高松宮記念
2024,05,ippan,22,20241105,20241110,ルーキーシリーズ第18戦
2024,03,G3b,02,20241107,20241112,オールレディース
2024,06,G3b,14,20241108,20241113,マスターズリーグ第8戦
2024,02,G1b,15,20241109,20241114,京極賞
2024,02,G1b,13,20241110,20241115,ダイヤモンドカップ
2024,04,ippan,05,20241113,20241118,ヴィーナスシリーズ第17戦
2024,05,ippan,17,20241114,20241119,ルーキーシリーズ第19戦
2024,03,G3b,08,20241119,20241124,企業杯
2024,01,SGa,19,20241119,20241124,チャレンジカップ
2024,02,G2b,19,20241119,20241124,レディースチャレンジカップ
2024,05,ippan,21,20241123,20241128,ルーキーシリーズ第20戦
2024,04,ippan,04,20241125,20241130,ヴィーナスシリーズ第18戦
2024,03,G3b,13,20241126,20241201,企業杯
2024,02,G1b,10,20241128,20241203,北陸艇王決戦
2024,05,ippan,01,20241202,20241207,ルーキーシリーズ第21戦
2024,03,G3b,15,20241202,20241207,オールレディース
2024,02,G1b,14,20241203,20241208,大渦大賞
2024,03,G3b,20,20241203,20241208,企業杯
2024,06,G3b,12,20241207,20241212,マスターズリーグ第9戦
2024,03,G3b,19,20241208,20241213,オールレディース
2024,02,G1b,22,20241208,20241213,福岡チャンピオンカップ
2024,05,ippan,11,20241211,20241216,ルーキーシリーズ第22戦
2024,03,G3b,21,20241214,20241219,企業杯
2024,01,SGa,12,20241217,20241222,グランプリシリーズ
2024,01,SGa,12,20241217,20241222,グランプリ
2024,05,ippan,06,20241220,20241225,ルーキーシリーズ第23戦
2024,03,G3b,23,20241220,20241225,企業杯
2024,01,G1a,07,20241226,20241231,クイーンズクライマックス
2024,03,G3b,07,20241226,20241231,クイーンズクライマックスシリーズ
2025,03,G3b,11,20250104,20250109,オールレディース
2025,03,G3b,14,20250108,20250113,企業杯
2025,05,ippan,05,20250110,20250115,ルーキーシリーズ第1戦
2025,02,G1b,19,20250111,20250116,海響王決定戦
2025,03,G3b,21,20250111,20250116,オールレディース
2025,02,G1b,03,20250114,20250119,江戸川大賞
2025,06,G3b,01,20250117,20250122,マスターズリーグ第10戦
2025,04,ippan,16,20250117,20250122,ヴィーナスシリーズ第19戦
2025,05,ippan,23,20250119,20250124,ルーキーシリーズ第2戦
2025,03,G3b,19,20250121,20250126,企業杯
2025,01,G1a,08,20250123,20250126,BBCトーナメント
2025,02,G2b,24,20250127,20250201,モーターボート誕生祭
2025,02,G1b,10,20250202,20250208,近畿地区選手権
2025,02,G1b,09,20250203,20250210,東海地区選手権
2025,04,ippan,03,20250204,20250209,ヴィーナスシリーズ第20戦
2025,02,G1b,15,20250204,20250210,四国地区選手権
2025,02,G1b,18,20250208,20250213,中国地区選手権
2025,02,G1b,02,20250209,20250215,関東地区選手権
2025,04,ippan,19,20250210,20250215,ヴィーナスシリーズ第21戦
2025,02,G1b,24,20250210,20250215,九州地区選手権
2025,05,ippan,04,20250216,20250221,ルーキーシリーズ第3戦
2025,01,G1a,06,20250219,20250224,スピードクイーンメモリアル
2025,03,G3b,16,20250219,20250224,企業杯
2025,05,ippan,18,20250225,20250303,ルーキーシリーズ第4戦
2025,02,G1b,23,20250225,20250302,全日本王者決定戦
2025,04,ippan,20,20250226,20250303,ヴィーナスシリーズ第22戦
2025,02,G1b,13,20250303,20250308,尼崎センプルカップ
2025,03,G3b,07,20250305,20250310,オールレディース
2025,05,ippan,15,20250306,20250311,ルーキーシリーズ第5戦
2025,02,G1b,08,20250309,20250314,トコタンキング決定戦
2025,04,ippan,17,20250312,20250317,ヴィーナスシリーズ第23戦
2025,03,G3b,07,20250314,20250319,企業杯
2025,02,G1b,04,20250315,20250320,トーキョー・ベイ・カップ
2025,05,ippan,12,20250315,20250320,ルーキーシリーズ第6戦
2025,03,G3b,13,20250318,20250323,オールレディース
2025,02,G2b,18,20250319,20250324,モーターボート大賞
2025,05,ippan,08,20250325,20250330,ルーキーシリーズ第7戦
2025,01,SGa,20,20250325,20250330,ボートレースクラシック
2025,04,ippan,23,20250325,20250330,ヴィーナスシリーズ第24戦
2025,04,ippan,01,20250401,20250406,ヴィーナスシリーズ第1戦
2025,02,G1b,17,20250403,20250408,宮島チャンピオンカップ
2025,02,G1b,09,20250404,20250409,ツッキー王座決定戦
2025,05,ippan,19,20250405,20250410,ルーキーシリーズ第8戦
2025,03,G3b,08,20250407,20250412,オールレディース
2025,02,G1b,12,20250412,20250417,太閤賞
2025,04,ippan,04,20250413,20250418,ヴィーナスシリーズ第2戦
2025,02,G1b,22,20250413,20250418,福岡チャンピオンカップ
2025,05,ippan,06,20250415,20250420,ルーキーシリーズ第9戦
2025,03,G3b,13,20250418,20250423,企業杯
2025,03,G3b,09,20250419,20250424,オールレディース
2025,01,G1a,01,20250422,20250427,マスターズチャンピオン
2025,04,ippan,14,20250425,20250430,ヴィーナスシリーズ第3戦
2025,03,G3b,11,20250501,20250506,オールレディース
2025,04,ippan,19,20250507,20250513,ヴィーナスシリーズ第4戦
2025,02,G2b,08,20250513,20250518,レディースオールスター
2025,06,G3b,02,20250515,20250520,マスターズリーグ第1戦
2025,03,G3b,09,20250517,20250522,企業杯
2025,04,ippan,24,20250519,20250524,ヴィーナスシリーズ第5戦
2025,02,G2b,04,20250520,20250525,モーターボート大賞
2025,03,G3b,21,20250525,20250530,オールレディース
2025,01,SGa,15,20250527,20250601,ボートレースオールスター
2025,03,G3b,02,20250530,20250604,企業杯
2025,03,G3b,05,20250601,20250606,オールレディース
2025,02,G1b,23,20250605,20250610,全日本王者決定戦
2025,02,G1b,01,20250607,20250612,赤城雷神杯
2025,04,ippan,09,20250607,20250612,ヴィーナスシリーズ第6戦
2025,03,G3b,06,20250613,20250618,オールレディース
2025,03,G3b,05,20250614,20250619,イースタンヤング
2025,03,G3b,16,20250614,20250619,企業杯
2025,03,G3b,21,20250615,20250620,ウエスタンヤング
2025,06,G3b,08,20250618,20250623,マスターズリーグ第2戦
2025,03,G3b,20,20250619,20250624,オールレディース
2025,01,SGa,02,20250624,20250629,グランドチャンピオン
2025,03,G3b,15,20250624,20250629,企業杯
2025,04,ippan,12,20250625,20250630,ヴィーナスシリーズ第7戦
2025,05,ippan,20,20250628,20250703,ルーキーシリーズ第10戦
2025,02,G2b,16,20250701,20250706,モーターボート大賞
2025,03,G3b,04,20250702,20250707,企業杯
2025,04,ippan,23,20250707,20250712,ヴィーナスシリーズ第8戦
2025,02,G2b,11,20250708,20250713,全国ボートレース甲子園
2025,06,G3b,13,20250709,20250714,マスターズリーグ第3戦
2025,05,ippan,16,20250710,20250715,ルーキーシリーズ第11戦
2025,03,G3b,22,20250713,20250718,オールレディース
2025,03,G3b,08,20250715,20250720,企業杯
2025,02,G2b,24,20250715,20250720,モーターボート誕生祭
2025,04,ippan,02,20250719,20250724,ヴィーナスシリーズ第9戦
2025,05,ippan,07,20250719,20250724,ルーキーシリーズ第12戦
2025,03,G3b,12,20250721,20250726,企業杯
2025,01,SGa,18,20250722,20250727,オーシャンカップ
2025,04,ippan,15,20250725,20250730,ヴィーナスシリーズ第10戦
2025,06,G3b,23,20250725,20250730,マスターズリーグ第4戦
2025,05,ippan,08,20250728,20250802,ルーキーシリーズ第13戦
2025,02,G1b,10,20250731,20250805,北陸艇王決戦
2025,03,G3b,13,20250731,20250805,オールレディース
2025,03,G3b,03,20250803,20250808,企業杯
2025,01,G1a,06,20250806,20250811,レディースチャンピオン
2025,03,G3b,14,20250813,20250818,オールレディース
2025,04,ippan,08,20250819,20250824,ヴィーナスシリーズ第11戦
2025,04,ippan,18,20250825,20250830,ヴィーナスシリーズ第12戦
2025,03,G3b,17,20250826,20250831,企業杯
2025,01,SGa,20,20250826,20250831,ボートレースメモリアル
2025,05,ippan,05,20250827,20250901,ルーキーシリーズ第14戦
2025,06,G3b,16,20250830,20250904,マスターズリーグ第5戦
2025,04,ippan,03,20250902,20250908,ヴィーナスシリーズ第13戦
2025,02,G1b,04,20250904,20250910,トーキョー・ベイ・カップ
2025,05,ippan,23,20250905,20250910,ルーキーシリーズ第15戦
2025,02,G1b,12,20250908,20250913,高松宮記念
2025,03,G3b,16,20250908,20250913,オールレディース
2025,02,G1b,14,20250913,20250918,大渦大賞
2025,05,ippan,17,20250914,20250919,ルーキーシリーズ第16戦
2025,04,ippan,20,20250914,20250919,ヴィーナスシリーズ第14戦
2025,02,G1b,11,20250917,20250922,びわこ大賞
2025,03,G3b,01,20250921,20250926,オールレディース
2025,03,G3b,22,20250921,20250926,企業杯
2025,01,G1a,17,20250923,20250928,ヤングダービー
2025,06,G3b,15,20250925,20250930,マスターズリーグ第6戦
2025,03,G3b,24,20250927,20251002,オールレディース
2025,02,G1b,05,20250929,20251004,ウェイキーカップ
2025,03,G3b,23,20250930,20251005,企業杯
2025,05,ippan,11,20251002,20251007,ルーキーシリーズ第17戦
2025,03,G3b,02,20251004,20251009,オールレディース
2025,06,G3b,03,20251005,20251011,マスターズリーグ第7戦
2025,02,G1b,07,20251005,20251010,オールジャパン竹島特別
2025,04,ippan,21,20251010,20251015,ヴィーナスシリーズ第15戦
2025,05,ippan,15,20251011,20251016,ルーキーシリーズ第18戦
2025,02,G2b,03,20251014,20251019,モーターボート大賞
2025,03,G3b,11,20251014,20251019,企業杯
2025,03,G3b,12,20251016,20251021,オールレディース
2025,05,ippan,18,20251020,20251025,ルーキーシリーズ第19戦
2025,03,G3b,01,20251021,20251026,企業杯
2025,01,SGa,09,20251021,20251026,ボートレースダービー
2025,04,ippan,07,20251022,20251027,ヴィーナスシリーズ第16戦
2025,06,G3b,24,20251026,20251031,マスターズリーグ第8戦
2025,02,G2b,19,20251028,20251102,モーターボート大賞
2025,03,G3b,10,20251029,20251103,企業杯
2025,02,G1b,06,20251103,20251108,浜名湖賞
2025,03,G3b,17,20251105,20251110,オールレディース
2025,05,ippan,22,20251106,20251111,ルーキーシリーズ第20戦
2025,02,G1b,15,20251107,20251112,京極賞
2025,02,G1b,02,20251112,20251117,戸田プリムローズ
2025,04,ippan,10,20251112,20251117,ヴィーナスシリーズ第17戦
2025,06,G3b,07,20251114,20251119,マスターズリーグ第9戦
2025,02,G1b,18,20251116,20251121,徳山クラウン争奪戦
2025,05,ippan,09,20251118,20251123,ルーキーシリーズ第21戦
2025,03,G3b,05,20251119,20251124,企業杯
2025,03,G3b,19,20251119,20251124,オールレディース
2025,01,SGa,22,20251125,20251130,チャレンジカップ
2025,02,G2b,22,20251125,20251130,レディースチャレンジカップ
2025,03,G3b,24,20251125,20251130,企業杯
2025,05,ippan,12,20251128,20251203,ルーキーシリーズ第22戦
2025,03,G3b,07,20251201,20251206,オールレディース
2025,02,G1b,08,20251204,20251209,トコタンキング決定戦
2025,06,G3b,11,20251204,20251209,マスターズリーグ第10戦
2025,04,ippan,13,20251207,20251212,ヴィーナスシリーズ第18戦
2025,02,G1b,19,20251207,20251212,海響王決定戦
2025,05,ippan,03,20251208,20251214,ルーキーシリーズ第23戦
2025,03,G3b,18,20251213,20251218,企業杯
2025,01,SGa,12,20251216,20251221,グランプリシリーズ
2025,01,SGa,12,20251216,20251221,グランプリ
2025,05,ippan,21,20251218,20251223,ルーキーシリーズ第24戦
2025,03,G3b,14,20251219,20251224,企業杯
2025,01,G1a,24,20251226,20251231,クイーンズクライマックス
2025,03,G3b,24,20251226,20251231,クイーンズクライマックスシリーズ
2026,03,G3b,23,20260104,20260109,オールレディース
2026,04,ippan,05,20260110,20260115,ヴィーナスシリーズ第19戦
2026,05,ippan,14,20260111,20260117,ルーキーシリーズ第1戦
2026,02,G1b,21,20260112,20260117,全日本王座決定戦
2026,03,G3b,07,20260114,20260119,企業杯
2026,02,G2b,11,20260116,20260121,秩父宮妃記念杯
2026,03,G3b,15,20260117,20260123,オールレディース
2026,05,ippan,10,20260120,20260126,ルーキーシリーズ第2戦
2026,01,G1a,13,20260122,20260125,BBCトーナメント
2026,03,G3b,03,20260123,20260128,オールレディース
2026,02,G1b,19,20260129,20260203,中国地区選手権
2026,04,ippan,06,20260130,20260204,ヴィーナスシリーズ第20戦
2026,02,G1b,23,20260130,20260204,九州地区選手権
2026,02,G1b,14,20260131,20260205,四国地区選手権
2026,02,G1b,12,20260204,20260209,近畿地区選手権
2026,02,G1b,08,20260205,20260210,東海地区選手権
2026,02,G1b,05,20260206,20260211,関東地区選手権
2026,04,ippan,16,20260206,20260211,ヴィーナスシリーズ第21戦
2026,03,G3b,04,20260212,20260217,オールレディース
2026,02,G1b,20,20260215,20260220,全日本覇者決定戦
2026,05,ippan,13,20260217,20260222,ルーキーシリーズ第3戦
2026,02,G1b,03,20260218,20260224,江戸川大賞
2026,04,ippan,22,20260218,20260223,ヴィーナスシリーズ第22戦
2026,01,G1a,14,20260224,20260301,スピードクイーンメモリアル
2026,03,G3b,19,20260225,20260302,企業杯
2026,05,ippan,24,20260226,20260303,ルーキーシリーズ第4戦
2026,02,G1b,16,20260302,20260307,児島キングカップ
2026,04,ippan,11,20260303,20260308,ヴィーナスシリーズ第23戦
2026,05,ippan,02,20260307,20260312,ルーキーシリーズ第5戦
2026,02,G1b,24,20260308,20260313,海の王者決定戦
2026,03,G3b,18,20260310,20260315,オールレディース
2026,03,G3b,20,20260310,20260315,企業杯
2026,02,G1b,13,20260314,20260319,尼崎センプルカップ
2026,05,ippan,01,20260316,20260321,ルーキーシリーズ第6戦
2026,04,ippan,17,20260317,20260322,ヴィーナスシリーズ第24戦
2026,02,G2b,23,20260317,20260322,モーターボート大賞
2026,03,G3b,06,20260320,20260325,企業杯
2026,01,SGa,07,20260324,20260329,ボートレースクラシック
2026,03,G3b,10,20260324,20260329,オールレディース
2026,05,ippan,04,20260325,20260330,ルーキーシリーズ第7戦
2026,03,G3b,21,20260326,20260331,企業杯
2026,04,ippan,22,20260401,20260406,ヴィーナスシリーズ第1戦
2026,02,G1b,09,20260402,20260407,ダイヤモンドカップ
2026,02,G1b,12,20260403,20260408,太閤賞
2026,03,G3b,23,20260408,20260413,オールレディース
2026,05,ippan,06,20260409,20260414,ルーキーシリーズ第8戦
2026,02,G1b,22,20260411,20260416,福岡チャンピオンカップ
2026,02,G1b,01,20260412,20260417,赤城雷神杯
2026,03,G3b,02,20260414,20260419,企業杯
2026,04,ippan,09,20260415,20260420,ヴィーナスシリーズ第2戦
2026,05,ippan,24,20260418,20260423,ルーキーシリーズ第9戦
2026,01,G1a,17,20260421,20260426,マスターズチャンピオン
2026,03,G3b,20,20260422,20260427,オールレディース
2026,03,G3b,14,20260429,20260504,オールレディース
2026,02,G2b,15,20260505,20260510,レディースオールスター
2026,03,G3b,09,20260509,20260514,企業杯
2026,02,G2b,03,20260511,20260516,モーターボート大賞
2026,04,ippan,07,20260512,20260517,ヴィーナスシリーズ第3戦
2026,05,ippan,19,20260513,20260518,ルーキーシリーズ第10戦
2026,02,G1b,21,20260515,20260520,全日本王座決定戦
2026,03,G3b,18,20260518,20260523,オールレディース
2026,02,G2b,11,20260520,20260525,秩父宮妃記念杯
2026,05,ippan,13,20260522,20260527,ルーキーシリーズ第11戦
2026,04,ippan,24,20260524,20260529,ヴィーナスシリーズ第4戦
2026,01,SGa,06,20260526,20260531,ボートレースオールスター
2026,03,G3b,15,20260526,20260531,企業杯
2026,06,G3b,09,20260529,20260604,マスターズリーグ第1戦
2026,03,G3b,05,20260530,20260604,オールレディース
2026,05,ippan,10,20260602,20260608,ルーキーシリーズ第12戦
2026,02,G1b,17,20260604,20260609,宮島チャンピオンカップ
2026,04,ippan,15,20260606,20260611,ヴィーナスシリーズ第5戦
2026,02,G1b,13,20260608,20260613,尼崎センプルカップ
2026,05,ippan,03,20260611,20260616,ルーキーシリーズ第13戦
2026,03,G3b,22,20260612,20260617,オールレディース
2026,02,G1b,08,20260613,20260618,トコタンキング決定戦
2026,03,G3b,18,20260616,20260621,企業杯
2026,06,G3b,17,20260617,20260622,マスターズリーグ第2戦
2026,02,G2b,24,20260617,20260622,モーターボート誕生祭
2026,04,ippan,02,20260618,20260623,ヴィーナスシリーズ第6戦
2026,05,ippan,15,20260620,20260625,ルーキーシリーズ第14戦
2026,01,SGa,14,20260623,20260628,グランドチャンピオン
2026,04,ippan,12,20260624,20260629,ヴィーナスシリーズ第7戦
2026,03,G3b,01,20260625,20260630,企業杯
2026,02,G2b,16,20260630,20260705,モーターボート大賞
2026,02,G2b,02,20260707,20260712,全国ボートレース甲子園
2026,06,G3b,10,20260707,20260712,マスターズリーグ第3戦
2026,04,ippan,11,20260707,20260712,ヴィーナスシリーズ第8戦
2026,03,G3b,20,20260707,20260712,企業杯
2026,02,G2b,07,20260713,20260718,モーターボート大賞
2026,03,G3b,13,20260713,20260718,オールレディース
2026,03,G3b,16,20260717,20260722,企業杯
2026,03,G3b,09,20260718,20260723,イースタンヤング
2026,03,G3b,19,20260719,20260724,オールレディース
2026,03,G3b,22,20260719,20260724,ウエスタンヤング
2026,03,G3b,03,20260723,20260728,企業杯
2026,04,ippan,04,20260725,20260730,ヴィーナスシリーズ第9戦
2026,01,SGa,11,20260728,20260802,オーシャンカップ
2026,05,ippan,08,20260730,20260804,ルーキーシリーズ第15戦
2026,03,G3b,01,20260731,20260805,オールレディース
2026,06,G3b,06,20260731,20260805,マスターズリーグ第4戦
2026,03,G3b,04,20260803,20260808,企業杯
2026,01,G1a,18,20260806,20260811,レディースチャンピオン
2026,03,G3b,24,20260812,20260817,オールレディース
2026,04,ippan,16,20260818,20260823,ヴィーナスシリーズ第10戦
2026,03,G3b,08,20260822,20260827,企業杯
2026,04,ippan,10,20260824,20260829,ヴィーナスシリーズ第11戦
2026,01,SGa,01,20260825,20260830,ボートレースメモリアル
2026,03,G3b,05,20260828,20260902,企業杯
2026,03,G3b,06,20260830,20260904,オールレディース
2026,06,G3b,20,20260831,20260905,マスターズリーグ第5戦
2026,02,G1b,09,20260903,20260908,ツッキー王座決定戦
2026,05,ippan,11,20260904,20260909,ルーキーシリーズ第16戦
2026,04,ippan,14,20260906,20260911,ヴィーナスシリーズ第12戦
2026,02,G1b,24,20260907,20260912,海の王者決定戦
2026,04,ippan,08,20260912,20260917,ヴィーナスシリーズ第13戦
2026,02,G1b,18,20260912,20260917,ダイヤモンドカップ
2026,05,ippan,07,20260913,20260918,ルーキーシリーズ第17戦
2026,02,G1b,05,20260916,20260921,ウェイキーカップ
2026,03,G3b,17,20260918,20260923,オールレディース
2026,03,G3b,11,20260922,20260927,企業杯
2026,01,G1a,20,20260922,20260927,ヤングダービー
2026,03,G3b,21,20260924,20260929,オールレディース
2026,06,G3b,04,20260928,20261003,マスターズリーグ第6戦
2026,02,G1b,16,20260928,20261003,児島キングカップ
2026,03,G3b,07,20260929,20261004,企業杯
2026,04,ippan,19,20261001,20261006,ヴィーナスシリーズ第14戦
2026,05,ippan,18,20261002,20261007,ルーキーシリーズ第18戦
2026,02,G1b,10,20261004,20261009,北陸艇王決戦
2026,03,G3b,03,20261007,20261012,オールレディース
2026,05,ippan,14,20261012,20261017,ルーキーシリーズ第19戦
2026,02,G1b,04,20261013,20261018,トーキョー・ベイ・カップ
2026,04,ippan,20,20261013,20261018,ヴィーナスシリーズ第15戦
2026,02,G1b,23,20261018,20261023,全日本王者決定戦
2026,03,G3b,12,20261019,20261024,オールレディース
2026,03,G3b,06,20261021,20261026,企業杯
2026,05,ippan,05,20261022,20261027,ルーキーシリーズ第20戦
2026,04,ippan,01,20261025,20261030,ヴィーナスシリーズ第16戦
2026,01,SGa,13,20261027,20261101,ボートレースダービー
2026,06,G3b,18,20261029,20261103,マスターズリーグ第7戦
2026,03,G3b,09,20261031,20261105,オールレディース
2026,05,ippan,17,20261101,20261106,ルーキーシリーズ第21戦
2026,02,G1b,12,20261105,20261110,高松宮記念
2026,04,ippan,05,20261106,20261111,ヴィーナスシリーズ第17戦
2026,02,G1b,14,20261106,20261111,大渦大賞
2026,05,ippan,09,20261110,20261115,ルーキーシリーズ第22戦
2026,03,G3b,24,20261111,20261116,企業杯
2026,04,ippan,23,20261112,20261117,ヴィーナスシリーズ第18戦
2026,02,G1b,11,20261114,20261119,びわこ大賞
2026,02,G1b,15,20261115,20261120,京極賞
2026,03,G3b,02,20261118,20261123,オールレディース
2026,05,ippan,22,20261119,20261124,ルーキーシリーズ第23戦
2026,06,G3b,21,20261120,20261125,マスターズリーグ第8戦
2026,03,G3b,10,20261121,20261126,企業杯
2026,01,SGa,08,20261124,20261129,チャレンジカップ
2026,02,G2b,08,20261124,20261129,レディースチャレンジカップ
2026,03,G3b,13,20261127,20261202,企業杯
2026,03,G3b,11,20261201,20261206,オールレディース
2026,02,G1b,18,20261203,20261208,徳山クラウン争奪戦
2026,02,G1b,07,20261206,20261211,オールジャパン竹島特別
2026,04,ippan,13,20261208,20261213,ヴィーナスシリーズ第19戦
2026,05,ippan,02,20261209,20261214,ルーキーシリーズ第24戦
2026,03,G3b,22,20261213,20261218,企業杯
2026,01,SGa,24,20261215,20261220,グランプリシリーズ
2026,01,SGa,24,20261215,20261220,グランプリ
2026,05,ippan,21,20261218,20261223,ルーキーシリーズ第25戦
2026,06,G3b,02,20261219,20261224,マスターズリーグ第9戦
2026,03,G3b,23,20261220,20261225,企業杯
2026,01,G1a,12,20261226,20261231,クイーンズクライマックス
2026,03,G3b,12,20261226,20261231,クイーンズクライマックスシリーズ
2027,03,G3b,16,20270104,20270109,オールレディース
2027,03,G3b,12,20270110,20270115,企業杯
2027,02,G2b,21,20270110,20270115,モーターボート大賞
2027,04,ippan,06,20270111,20270116,ヴィーナスシリーズ第20戦
2027,05,ippan,23,20270112,20270117,ルーキーシリーズ第1戦
2027,02,G1b,03,20270113,20270118,江戸川大賞
2027,03,G3b,08,20270118,20270123,オールレディース
2027,02,G1b,19,20270119,20270124,海響王決定戦
2027,03,G3b,21,20270120,20270125,企業杯
2027,05,ippan,20,20270121,20270126,ルーキーシリーズ第2戦
2027,02,G2b,04,20270122,20270127,モーターボート大賞
2027,04,ippan,03,20270125,20270130,ヴィーナスシリーズ第21戦
2027,06,G3b,12,20270125,20270130,マスターズリーグ第10戦
2027,01,G1a,10,20270128,20270131,BBCトーナメント
2027,02,G1b,16,20270204,20270209,中国地区選手権
2027,02,G1b,06,20270205,20270210,東海地区選手権
2027,02,G1b,01,20270206,20270211,関東地区選手権
2027,03,G3b,10,20270208,20270213,オールレディース
2027,02,G1b,15,20270212,20270217,四国地区選手権
2027,02,G1b,22,20270213,20270218,九州地区選手権
2027,02,G1b,11,20270214,20270219,近畿地区選手権
2027,03,G3b,04,20270216,20270221,オールレディース
2027,01,G1a,05,20270223,20270228,スピードクイーンメモリアル
2027,03,G3b,19,20270223,20270228,企業杯
2027,05,ippan,16,20270225,20270302,ルーキーシリーズ第3戦
2027,02,G1b,06,20270301,20270306,浜名湖賞
2027,04,ippan,18,20270302,20270307,ヴィーナスシリーズ第22戦
2027,02,G1b,14,20270305,20270310,ダイヤモンドカップ
2027,05,ippan,01,20270306,20270311,ルーキーシリーズ第4戦
2027,03,G3b,07,20270308,20270313,オールレディース
2027,02,G1b,02,20270310,20270315,戸田プリムローズ
2027,04,ippan,17,20270314,20270319,ヴィーナスシリーズ第23戦
2027,02,G1b,20,20270314,20270319,全日本覇者決定戦
2027,05,ippan,04,20270315,20270320,ルーキーシリーズ第5戦
2027,03,G3b,14,20270317,20270322,企業杯
2027,03,G3b,15,20270320,20270325,オールレディース
2027,01,SGa,23,20270323,20270328,ボートレースクラシック
2027,05,ippan,12,20270324,20270329,ルーキーシリーズ第6戦
2027,03,G3b,17,20270326,20270331,企業杯
2027,04,ippan,21,20270326,20270331,ヴィーナスシリーズ第24戦
2027,01,G1a,06,20270420,20270425,マスターズチャンピオン
2027,02,G2b,22,20270504,20270509,レディースオールスター
2027,01,SGa,24,20270525,20270530,ボートレースオールスター
2027,01,SGa,09,20270622,20270627,グランドチャンピオン
2027,03,G3b,10,20270703,20270708,イースタンヤング
2027,03,G3b,15,20270703,20270708,ウエスタンヤング
2027,02,G2b,01,20270714,20270719,全国ボートレース甲子園
2027,01,SGa,19,20270727,20270801,オーシャンカップ
2027,01,G1a,08,20270806,20270811,レディースチャンピオン
2027,01,SGa,20,20270824,20270829,ボートレースメモリアル
2027,01,G1a,11,20270921,20270926,ヤングダービー
2027,01,SGa,05,20271026,20271031,ボートレースダービー
2027,01,SGa,21,20271123,20271128,チャレンジカップ
2027,02,G2b,21,20271123,20271128,レディースチャレンジカップ
2027,01,SGa,12,20271214,20271219,グランプリシリーズ
2027,01,SGa,12,20271214,20271219,グランプリ
2027,01,G1a,02,20271226,20271231,クイーンズクライマックス
2027,03,G3b,02,20271226,20271231,クイーンズクライマックスシリーズ
